nom_utilisateur, mdp_utilisateur, seluser1,password1
user1,123
drg,drg
drg,drg
drg,drg
drg,drg
drg,drg
drg,drg
drg,drg
drg,drg
drg,drg
drg,drg
drg,drg
drg,drg
drg,drg
drg,drg
drg,drg
drg,drg
ok,123456
ok,123456
drg,e62cf77fb05bbb42bc666e817866c0d6ac5d859415d27fc995ae345ae4dc7d97,1fe9493206a2b73d2699b32a2040e64e
drg,9e96e77b31687be5efd848157052e5fdb26243d4df29b9165d73ef2351443b88,05955e32bf1309f9de3cb1867474b995
drg,10ebbf915de3f0b950d165a38fcbcfef1665c52c91246f5bafc13f3d6d4d4c87,1275c9daf346b6c4445975feb7341110
drg,cd84165c3ef5317d06e793f47bbfe752fdee4faf8e2d3e986a225f48a655285d,da6bddcb724dfa200b0c71aec786ef94
